[{"chain":"A","homologs":["6ypd_A","6t3d_A","6yen_A","6yeo_D","6yeo_C","6yeo_B","6yeo_A","4jxg_B","4jxg_A","2hds_B","2hds_A","6dpz_B","6dpz_A","6dpy_B","6dpy_A","6dpt_B","6dpt_A","6dpx_B","6dpx_A","4kz8_B","4kz8_A","4kz3_B","4kz3_A","3gv9_B","3gv9_A","2rcx_B","2rcx_A","2r9x_B","2r9x_A","1mxo_B","1mxo_A","4olg_B","4olg_A","4okp_B","4okp_A","4old_B","4old_A","4lv3_B","4lv3_A","4lv0_B","4lv0_A","4lv2_B","4lv2_A","4lv1_B","4lv1_A","4kz9_B","4kz9_A","4kz5_B","4kz5_A","4kz4_B","4kz4_A","4kza_B","4kza_A","4kzb_B","4kzb_A","4kz7_B","4kz7_A","4kz6_B","4kz6_A","4kg2_B","4kg2_A","4jxv_B","4jxv_A","4jxs_B","4jxs_A","4jxw_B","4jxw_A","4e3o_B","4e3o_A","4e3n_B","4e3n_A","4e3m_B","4e3m_A","4e3k_B","4e3k_A","4e3j_B","4e3j_A","4e3i_B","4e3i_A","4e3l_B","4e3l_A","3o87_B","3o87_A","3o88_B","3o88_A","3o86_B","3o86_A","3gvb_B","3gvb_A","3gtc_B","3gtc_A","3grj_B","3grj_A","3gr2_B","3gr2_A","3gqz_B","3gqz_A","3gsg_B","3gsg_A","3bm6_B","3bm6_A","3bls_B","3bls_A","2r9w_B","2r9w_A","2pu4_B","2pu4_A","2pu2_B","2pu2_A","2p9v_B","2p9v_A","2i72_B","2i72_A","2hdu_B","2hdu_A","2hdr_B","2hdr_A","2hdq_B","2hdq_A","2bls_B","2bls_A","1xgi_B","1xgi_A","1xgj_B","1xgj_A","1my8_B","1my8_A","1ll9_B","1ll9_A","1ll5_B","1ll5_A","1llb_B","1llb_A","1l2s_B","1l2s_A","1kvm_B","1kvm_A","1ke3_B","1ke3_A","1ke4_B","1ke4_A","1kdw_B","1kdw_A","1ke0_B","1ke0_A","1kds_B","1kds_A","1iem_B","1iem_A","1iel_B","1iel_A","1ga9_B","1ga9_A","1c3b_B","1c3b_A","3fkv_B","3fkv_A","3fkw_B","3fkw_A","1l0e_B","1l0e_A","3ixb_B","3ixb_A","3iwq_B","3iwq_A","1fsw_B","1fsw_A","1fsy_B","1fsy_A","1l0g_B","1l0g_A","3ixg_B","3ixg_A","1l0f_B","1l0f_A","1kvl_B","1kvl_A","4kg6_D","4kg6_C","4kg6_B","4kg6_A","2ffy_B","2ffy_A","4kg5_D","4kg5_C","4kg5_B","4kg5_A","4ken_B","1pi5_B","1pi5_A","1pi4_B","1pi4_A","1l0d_B","1l0d_A","1i5q_B","1i5q_A","3ixd_B","3ixd_A","3iwo_B","3iwo_A","3ixh_B","3ixh_A","3iwi_B","3iwi_A","1o07_B","1o07_A","6xfs_D","6xfs_C","6xfs_B","6xfs_A","6xg1_B","6xg1_A","6x9y_B","6x9y_A","6whf_B","6whf_A","6wa7_C","6wa7_B","6wa7_A","6wgq_B","6wgq_A","6n9k_B","6n9k_A","5ggw_B","5ggw_A","2zj9_B","2zj9_A","5gzw_B","5gzw_A","5f1g_A","5joc_B","5joc_A","1rgy_A","1zc2_B","1zc2_A","6g9t_B","6g9t_A","2zc7_D","2zc7_C","2zc7_B","2zc7_A","6lc9_B","6lc9_A","6lc7_B","6lc7_A","6lc8_B","6lc8_A","1y54_A","4xux_A","1xx2_B","1xx2_A","1s6r_A","5xhr_A","3s4x_A","5hai_A","2q9m_A","2q9n_A","1q2q_A","1onh_A","1rgz_A","6t35_A","6t5y_A","6t7l_A","6tbw_A","6tpm_A"],"num_homol":260},{"chain":"B","homologs":["6ypd_A","6t3d_A","6yen_A","6yeo_D","6yeo_C","6yeo_B","6yeo_A","4jxg_B","4jxg_A","2hds_B","2hds_A","6dpz_B","6dpz_A","6dpy_B","6dpy_A","6dpt_B","6dpt_A","6dpx_B","6dpx_A","4kz8_B","4kz8_A","4kz3_B","4kz3_A","3gv9_B","3gv9_A","2rcx_B","2rcx_A","2r9x_B","2r9x_A","1mxo_B","1mxo_A","4olg_B","4olg_A","4okp_B","4okp_A","4old_B","4old_A","4lv3_B","4lv3_A","4lv0_B","4lv0_A","4lv2_B","4lv2_A","4lv1_B","4lv1_A","4kz9_B","4kz9_A","4kz5_B","4kz5_A","4kz4_B","4kz4_A","4kza_B","4kza_A","4kzb_B","4kzb_A","4kz7_B","4kz7_A","4kz6_B","4kz6_A","4kg2_B","4kg2_A","4jxv_B","4jxv_A","4jxs_B","4jxs_A","4jxw_B","4jxw_A","4e3o_B","4e3o_A","4e3n_B","4e3n_A","4e3m_B","4e3m_A","4e3k_B","4e3k_A","4e3j_B","4e3j_A","4e3i_B","4e3i_A","4e3l_B","4e3l_A","3o87_B","3o87_A","3o88_B","3o88_A","3o86_B","3o86_A","3gvb_B","3gvb_A","3gtc_B","3gtc_A","3grj_B","3grj_A","3gr2_B","3gr2_A","3gqz_B","3gqz_A","3gsg_B","3gsg_A","3bm6_B","3bm6_A","3bls_B","3bls_A","2r9w_B","2r9w_A","2pu4_B","2pu4_A","2pu2_B","2pu2_A","2p9v_B","2p9v_A","2i72_B","2i72_A","2hdu_B","2hdu_A","2hdr_B","2hdr_A","2hdq_B","2hdq_A","2bls_B","2bls_A","1xgi_B","1xgi_A","1xgj_B","1xgj_A","1my8_B","1my8_A","1ll9_B","1ll9_A","1ll5_B","1ll5_A","1llb_B","1llb_A","1l2s_B","1l2s_A","1kvm_B","1kvm_A","1ke3_B","1ke3_A","1ke4_B","1ke4_A","1kdw_B","1kdw_A","1ke0_B","1ke0_A","1kds_B","1kds_A","1iem_B","1iem_A","1iel_B","1iel_A","1ga9_B","1ga9_A","1c3b_B","1c3b_A","3fkv_B","3fkv_A","3fkw_B","3fkw_A","1l0e_B","1l0e_A","3ixb_B","3ixb_A","3iwq_B","3iwq_A","1fsw_B","1fsw_A","1fsy_B","1fsy_A","1l0g_B","1l0g_A","3ixg_B","3ixg_A","1l0f_B","1l0f_A","1kvl_B","1kvl_A","4kg6_D","4kg6_C","4kg6_B","4kg6_A","2ffy_B","2ffy_A","4kg5_D","4kg5_C","4kg5_B","4kg5_A","4ken_B","1pi5_B","1pi5_A","1pi4_B","1pi4_A","1l0d_B","1l0d_A","1i5q_B","1i5q_A","3ixd_B","3ixd_A","3iwo_B","3iwo_A","3ixh_B","3ixh_A","3iwi_B","3iwi_A","1o07_B","1o07_A","6xfs_D","6xfs_C","6xfs_B","6xfs_A","6xg1_B","6xg1_A","6x9y_B","6x9y_A","6whf_B","6whf_A","6wa7_C","6wa7_B","6wa7_A","6wgq_B","6wgq_A","6n9k_B","6n9k_A","5ggw_B","5ggw_A","2zj9_B","2zj9_A","5gzw_B","5gzw_A","5f1g_A","5joc_B","5joc_A","1rgy_A","1zc2_B","1zc2_A","6g9t_B","6g9t_A","2zc7_D","2zc7_C","2zc7_B","2zc7_A","6lc9_B","6lc9_A","6lc7_B","6lc7_A","6lc8_B","6lc8_A","1y54_A","4xux_A","1xx2_B","1xx2_A","1s6r_A","5xhr_A","3s4x_A","5hai_A","2q9m_A","2q9n_A","1q2q_A","1onh_A","1rgz_A","6t35_A","6t5y_A","6t7l_A","6tbw_A","6tpm_A"],"num_homol":260}]
