{
  "Data": {
    "pdb_id": "4e3i",
    "coordinates_revision_date_pdb": "2012-11-07",
    "coordinates_revision_major_mmCIF": null,
    "coordinates_revision_minor_mmCIF": null,
    "coordinates_edited": false,
    "reflections_revision": "1_0",
    "reflections_edited": false,
    "pdb_redo_version": "7",
    "pdb_redo_used": true
  },
  "Ligand_validation_data": [
    {
      "asymID": "C",
      "compID": "0N3",
      "seqID": 0,
      "pdb": {
        "compID": "0N3",
        "insCode": "",
        "seqNum": 401,
        "strandID": "A"
      },
      "added": false,
      "all_atom_rmsd_in_A": 0.1586,
      "atoms_shifted_more_than_0.5A": 0.0,
      "original model": {
        "density_fit": {
          "real_space_Rfactor": 0.037,
          "real_space_correlation": 0.99,
          "EDIAm_density_fit": null,
          "OPIA_density_coverage": null
        },
        "heat_of_formation": {
          "energy": null,
          "energy_unit": "kJ/mol"
        },
        "interactions": {
          "bumps_count": 10.0,
          "H_bonds_count": 7.0,
          "H_bonds_strength": -145.05,
          "H_bonds_unit": "kJ/mol",
          "hydrophobic_count": 9.0,
          "hydrophobic_strength": 12.606,
          "hydrophobic_unit": "knowledge_based_potential",
          "pi_pi_count": 3.0,
          "pi_pi_strength": 1.645,
          "pi_pi_unit": "knowledge_based_potential",
          "cation_pi_count": 0.0,
          "cation_pi_strength": 0.0,
          "cation_pi_unit": "knowledge_based_potential"
        }
      },
      "pdb_redo_model": {
        "density_fit": {
          "real_space_Rfactor": 0.047,
          "real_space_correlation": 0.98,
          "EDIAm_density_fit": null,
          "OPIA_density_coverage": null
        },
        "heat_of_formation": {
          "energy": null,
          "energy_unit": "kJ/mol"
        },
        "interactions": {
          "bumps_count": 10.0,
          "H_bonds_count": 7.0,
          "H_bonds_strength": -145.12,
          "H_bonds_unit": "kJ/mol",
          "hydrophobic_count": 10.0,
          "hydrophobic_strength": 11.505,
          "hydrophobic_unit": "knowledge_based_potential",
          "pi_pi_count": 2.0,
          "pi_pi_strength": 1.627,
          "pi_pi_unit": "knowledge_based_potential",
          "cation_pi_count": 0.0,
          "cation_pi_strength": 0.0,
          "cation_pi_unit": "knowledge_based_potential"
        }
      }
    },
    {
      "asymID": "G",
      "compID": "0N3",
      "seqID": 0,
      "pdb": {
        "compID": "0N3",
        "insCode": "",
        "seqNum": 401,
        "strandID": "B"
      },
      "added": false,
      "all_atom_rmsd_in_A": 0.1695,
      "atoms_shifted_more_than_0.5A": 0.0,
      "original model": {
        "density_fit": {
          "real_space_Rfactor": 0.07,
          "real_space_correlation": 0.97,
          "EDIAm_density_fit": null,
          "OPIA_density_coverage": null
        },
        "heat_of_formation": {
          "energy": null,
          "energy_unit": "kJ/mol"
        },
        "interactions": {
          "bumps_count": 11.0,
          "H_bonds_count": 6.0,
          "H_bonds_strength": -104.53,
          "H_bonds_unit": "kJ/mol",
          "hydrophobic_count": 9.0,
          "hydrophobic_strength": 11.46,
          "hydrophobic_unit": "knowledge_based_potential",
          "pi_pi_count": 1.0,
          "pi_pi_strength": 0.442,
          "pi_pi_unit": "knowledge_based_potential",
          "cation_pi_count": 0.0,
          "cation_pi_strength": 0.0,
          "cation_pi_unit": "knowledge_based_potential"
        }
      },
      "pdb_redo_model": {
        "density_fit": {
          "real_space_Rfactor": 0.061,
          "real_space_correlation": 0.97,
          "EDIAm_density_fit": null,
          "OPIA_density_coverage": null
        },
        "heat_of_formation": {
          "energy": null,
          "energy_unit": "kJ/mol"
        },
        "interactions": {
          "bumps_count": 10.0,
          "H_bonds_count": 7.0,
          "H_bonds_strength": -126.0,
          "H_bonds_unit": "kJ/mol",
          "hydrophobic_count": 10.0,
          "hydrophobic_strength": 11.061,
          "hydrophobic_unit": "knowledge_based_potential",
          "pi_pi_count": 1.0,
          "pi_pi_strength": 0.481,
          "pi_pi_unit": "knowledge_based_potential",
          "cation_pi_count": 0.0,
          "cation_pi_strength": 0.0,
          "cation_pi_unit": "knowledge_based_potential"
        }
      }
    }
  ]
}