{
  "pdbid": "4e3i",
  "properties": {
    "AAXIS": 118.46,
    "ALPHA": 90,
    "BAVER": 25.24,
    "BAXIS": 77.14,
    "BBEST": "0.50",
    "BETA": 116.67,
    "BLTBEST": "0.30",
    "BREFTYPE": "ISOT",
    "BWILS": 29.58,
    "CAXIS": 97.75,
    "CCFFIN": 0.966,
    "CCFOLD": 0.965,
    "CCWFIN": 0.975,
    "CCWOLD": 0.972,
    "COMMENT": null,
    "COMPLETED": 94.4,
    "DATARESH": 1.6,
    "DATARESL": 29.55,
    "DOTLS": true,
    "DYEAR": 2012,
    "EXPTYP": "X-ray",
    "FALSETWIN": false,
    "FARMSZ": 0.916,
    "FBCONF": -0.069,
    "FBPGRMSZ": null,
    "FBPHBRMSZ": null,
    "FBRMSZ": 0.882,
    "FBUCKLE": null,
    "FBUMPS": 27,
    "FCHI12": -1.132,
    "FCONFAL": null,
    "FDNRMSD": null,
    "FGFOLD": 30.82,
    "FHBSAT": 0.904,
    "FHBUNS": 37,
    "FHRMSZ": null,
    "FPROPEL": null,
    "FSCHI12": null,
    "FSHEAR": null,
    "FSTRETCH": null,
    "FSZRAMA": null,
    "FWBMPS": 0.021,
    "FZPAK1": -0.372,
    "FZPAK2": -1.261,
    "FZRAMA": 0.357,
    "GAMMA": 90,
    "GOT_NUC": null,
    "GOT_PROT": null,
    "HBFLIP": 14,
    "IONPROBE": 0.8,
    "ISTWIN": false,
    "LEGACY": false,
    "NARMSZ": 0.895,
    "NBBFLIP": 0,
    "NBCONF": -0.011,
    "NBPGRMSZ": null,
    "NBPHBRMSZ": null,
    "NBRMSZ": 0.858,
    "NBUCKLE": null,
    "NBUMPS": 20,
    "NCHI12": -0.88,
    "NCHIRFX": 0,
    "NCONFAL": null,
    "NDNRMSD": null,
    "NDROTA": 11,
    "NGFOLD": -11.59,
    "NHBSAT": 0.898,
    "NHBUNS": 47,
    "NHRMSZ": null,
    "NLOOPS": null,
    "NMETALREST2": null,
    "NNUCLEICREST": null,
    "NOPDB": false,
    "NOSF": false,
    "NPROPEL": null,
    "NREFCNT": 98113,
    "NSCBLT": 37,
    "NSCHI12": null,
    "NSHEAR": null,
    "NSTRETCH": null,
    "NSZRAMA": null,
    "NTLS": 2,
    "NTSTCNT": 3603,
    "NWATDEL": 63,
    "NWBMPS": 0.014,
    "NZPAK1": -0.706,
    "NZPAK2": -1.753,
    "NZRAMA": 0.345,
    "OARMSZ": 0.63,
    "OBCONF": -0.041,
    "OBPGRMSZ": null,
    "OBPHBRMSZ": null,
    "OBRMSZ": 0.425,
    "OBUCKLE": null,
    "OBUMPS": 29,
    "OCHI12": -0.906,
    "OCONFAL": null,
    "ODNRMSD": null,
    "OGFOLD": 10.96,
    "OHBSAT": 0.907,
    "OHBUNS": 43,
    "OHRMSZ": null,
    "OPROPEL": null,
    "OPTTLSG": "4e3i",
    "ORITLS": true,
    "OSCHI12": null,
    "OSHEAR": null,
    "OSTRETCH": null,
    "OSZRAMA": null,
    "OWBMPS": 0.009,
    "OZPAK1": -0.686,
    "OZPAK2": -1.689,
    "OZRAMA": -0.166,
    "PROG": "PHENIX_(PHENIX.REFINE:_1.7.1_743)",
    "RCAL": 0.1583,
    "REFPATM": 14.9,
    "RESOLUTION": 1.6,
    "RESOTYPE": 4,
    "RFACT": 0.164,
    "RFCAL": 0.1821,
    "RFCALUNB": 0.1834,
    "RFCALZ": 0.43,
    "RFFIN": 0.1795,
    "RFFINUNB": 0.1801,
    "RFFINZ": 0.2,
    "RFIN": 0.1555,
    "RFREE": 0.189,
    "RFRRAT": 1.158442,
    "RFTLS": 0.178,
    "RFTLSUNB": 0.1791,
    "RFTLSZ": 0.37,
    "RSCCB": 53,
    "RSCCW": 14,
    "RSHRINK": 0.8,
    "RSRB": 62,
    "RSRW": 35,
    "RTLS": 0.1546,
    "SIGRFCAL": 0.003,
    "SIGRFFIN": 0.003,
    "SIGRFTLS": 0.003,
    "SOLVD": 51.15,
    "SOLVENT": "SIMP",
    "SPACEGROUP": "C 1 2 1",
    "SRFRRAT": null,
    "STFLIP": null,
    "TFBPGRMSZ": null,
    "TFCHI12": 61,
    "TFCONFAL": null,
    "TFHBSAT": 54,
    "TFWBMPS": 57,
    "TFZPAK1": null,
    "TFZPAK2": 38,
    "TFZRAMA": 85,
    "TIME": "2017-02-04",
    "TLSBEST": "0.30",
    "TNCONFAL": null,
    "TOBPGRMSZ": null,
    "TOCHI12": 67,
    "TOCONFAL": null,
    "TOHBSAT": 58,
    "TOWBMPS": 81,
    "TOZPAK1": null,
    "TOZPAK2": 20,
    "TOZRAMA": 71,
    "TSTCNT": 3603,
    "TSTPRC": 3.7,
    "URESO": 1.6,
    "USIGMA": true,
    "VDWPROBE": 1.2,
    "VERSION": 7,
    "WAVELENGTH": 1.11587,
    "ZCALERR": false,
    "ZCCF": 0.63,
    "ZCCW": 12.48,
    "ZRFRRATCAL": null,
    "ZRFRRATFIN": null,
    "ZRFRRATTLS": null,
    "TITLE": "Crystal structure of AmpC beta-lactamase in complex with a designed 3-carboxyl benzyl sulfonamide boronic acid inhibitor"
  }
}
