{
  "data": {
    "PDBID": "4e3i",
    "coordinates_revision_date_pdb": "2012-11-07",
    "coordinates_revision_major_mmCIF": null,
    "coordinates_revision_minor_mmCIF": null,
    "coordinates_edited": false,
    "reflections_revision": "1_0",
    "reflections_edited": false
  },
  "software": {
    "pdb-redo": {
      "version": "7",
      "used": true
    },
    "mtzdmp": {
      "version": "1.1",
      "used": false
    },
    "kollumer": {
      "version": "1.13",
      "used": false
    },
    "mtz2various": {
      "version": "1.1",
      "used": true
    },
    "WHAT_CHECK": {
      "version": "14.0",
      "used": true
    },
    "stripper": {
      "version": "3.16",
      "used": true
    },
    "prepper": {
      "version": null,
      "used": false
    },
    "cif2cif": {
      "version": "7.05",
      "used": true
    },
    "extractor": {
      "version": "5.07",
      "used": true
    },
    "cif2mtz": {
      "version": "7.0.028",
      "used": true
    },
    "mtzutils": {
      "version": "7.0.028",
      "used": true
    },
    "cad": {
      "version": "7.0.028",
      "used": true
    },
    "ctruncate": {
      "version": "1.17.20",
      "used": null
    },
    "unique": {
      "version": "7.0.028",
      "used": true
    },
    "freerflag": {
      "version": "2.2",
      "used": true
    },
    "sfcheck": {
      "version": "7.04.03",
      "used": true
    },
    "refmac": {
      "version": "5.8.0158",
      "used": true
    },
    "fitr": {
      "version": "1.00",
      "used": true
    },
    "chiron": {
      "version": "4.00",
      "used": false
    },
    "libg": {
      "version": null,
      "used": null
    },
    "binliner": {
      "version": "1.03",
      "used": false
    },
    "resolute": {
      "version": "0.02",
      "used": false
    },
    "bselect": {
      "version": "2.10",
      "used": null
    },
    "picker": {
      "version": "4.11",
      "used": true
    },
    "tlsanl": {
      "version": "4.3",
      "used": true
    },
    "libcheck": {
      "version": null,
      "used": false
    },
    "centrifuge": {
      "version": "1.2.0",
      "used": null
    },
    "DSSP": {
      "version": "2.2.7",
      "used": true
    },
    "pepflip": {
      "version": "2.0.4",
      "used": null
    },
    "coot-mini-rsr": {
      "version": "0.8.7",
      "used": null
    },
    "SideAide": {
      "version": "1.1.2",
      "used": true
    },
    "what_todo": {
      "version": "2.00",
      "used": null
    },
    "longinus": {
      "version": "1.02",
      "used": false
    },
    "YASARA": {
      "version": "16.7.22",
      "used": true
    },
    "edstats": {
      "version": "0.8.1",
      "used": true
    },
    "sftools": {
      "version": null,
      "used": null
    },
    "zen": {
      "version": "1.11.1",
      "used": null
    },
    "detectHbonds": {
      "version": "1.12",
      "used": false
    },
    "rotacompare": {
      "version": "0.1.1",
      "used": true
    },
    "HODER": {
      "version": "0.11",
      "used": false
    },
    "PHASER": {
      "version": "2.7.17",
      "used": null
    },
    "txt2json": {
      "version": null,
      "used": true
    },
    "seqrescopier": {
      "version": "0.1",
      "used": false
    },
    "flipper": {
      "version": "0.1",
      "used": true
    },
    "distel": {
      "version": "0.02",
      "used": false
    },
    "rnbterror": {
      "version": null,
      "used": null
    },
    "rwcontents": {
      "version": null,
      "used": true
    },
    "findligand": {
      "version": null,
      "used": null
    }
  }
}
